row_id,num_sold
26298,268
26299,424
26300,130
26301,424
26302,777
26303,201
26304,407
26305,659
26306,179
26307,695
26308,1150
26309,325
26310,282
26311,444
26312,136
26313,517
26314,802
26315,226
26316,249
26317,428
26318,120
26319,449
26320,702
26321,193
26322,411
26323,661
26324,176
26325,690
26326,1176
26327,304
26328,286
26329,459
26330,127
26331,476
26332,806
26333,225
26334,250
26335,411
26336,107
26337,453
26338,715
26339,186
26340,361
26341,685
26342,176
26343,684
26344,1077
26345,309
26346,274
26347,467
26348,133
26349,480
26350,766
26351,213
26352,275
26353,429
26354,110
26355,441
26356,736
26357,206
26358,400
26359,696
26360,188
26361,671
26362,1230
26363,340
26364,304
26365,467
26366,128
26367,479
26368,847
26369,235
26370,291
26371,508
26372,148
26373,529
26374,914
26375,247
26376,457
26377,835
26378,218
26379,880
26380,1392
26381,383
26382,320
26383,589
26384,158
26385,608
26386,940
26387,248
26388,314
26389,486
26390,132
26391,540
26392,866
26393,238
26394,491
26395,800
26396,222
26397,872
26398,1365
26399,374
26400,335
26401,543
26402,158
26403,611
26404,983
26405,269
26406,270
26407,456
26408,116
26409,473
26410,791
26411,240
26412,456
26413,652
26414,217
26415,784
26416,1269
26417,355
26418,303
26419,462
26420,142
26421,691
26422,944
26423,204
26424,268
26425,424
26426,130
26427,424
26428,777
26429,201
26430,407
26431,659
26432,179
26433,695
26434,1150
26435,325
26436,282
26437,444
26438,136
26439,517
26440,802
26441,226
26442,249
26443,428
26444,120
26445,449
26446,702
26447,193
26448,411
26449,661
26450,176
26451,690
26452,1176
26453,304
26454,286
26455,459
26456,127
26457,476
26458,806
26459,225
26460,250
26461,411
26462,107
26463,453
26464,715
26465,186
26466,361
26467,685
26468,176
26469,684
26470,1077
26471,309
26472,274
26473,467
26474,133
26475,480
26476,766
26477,213
26478,275
26479,429
26480,110
26481,441
26482,736
26483,206
26484,400
26485,696
26486,188
26487,671
26488,1230
26489,340
26490,304
26491,467
26492,128
26493,479
26494,847
26495,235
26496,291
26497,508
26498,148
26499,529
26500,914
26501,247
26502,457
26503,835
26504,218
26505,880
26506,1392
26507,383
26508,320
26509,589
26510,158
26511,608
26512,940
26513,248
26514,314
26515,486
26516,132
26517,540
26518,866
26519,238
26520,491
26521,800
26522,222
26523,872
26524,1365
26525,374
26526,335
26527,543
26528,158
26529,611
26530,983
26531,269
26532,270
26533,456
26534,116
26535,473
26536,791
26537,240
26538,456
26539,652
26540,217
26541,784
26542,1269
26543,355
26544,303
26545,462
26546,142
26547,691
26548,944
26549,204
26550,268
26551,424
26552,130
26553,424
26554,777
26555,201
26556,407
26557,659
26558,179
26559,695
26560,1150
26561,325
26562,282
26563,444
26564,136
26565,517
26566,802
26567,226
26568,249
26569,428
26570,120
26571,449
26572,702
26573,193
26574,411
26575,661
26576,176
26577,690
26578,1176
26579,304
26580,286
26581,459
26582,127
26583,476
26584,806
26585,225
26586,250
26587,411
26588,107
26589,453
26590,715
26591,186
26592,361
26593,685
26594,176
26595,684
26596,1077
26597,309
26598,274
26599,467
26600,133
26601,480
26602,766
26603,213
26604,275
26605,429
26606,110
26607,441
26608,736
26609,206
26610,400
26611,696
26612,188
26613,671
26614,1230
26615,340
26616,304
26617,467
26618,128
26619,479
26620,847
26621,235
26622,291
26623,508
26624,148
26625,529
26626,914
26627,247
26628,457
26629,835
26630,218
26631,880
26632,1392
26633,383
26634,320
26635,589
26636,158
26637,608
26638,940
26639,248
26640,314
26641,486
26642,132
26643,540
26644,866
26645,238
26646,491
26647,800
26648,222
26649,872
26650,1365
26651,374
26652,335
26653,543
26654,158
26655,611
26656,983
26657,269
26658,270
26659,456
26660,116
26661,473
26662,791
26663,240
26664,456
26665,652
26666,217
26667,784
26668,1269
26669,355
26670,303
26671,462
26672,142
26673,691
26674,944
26675,204
26676,268
26677,424
26678,130
26679,424
26680,777
26681,201
26682,407
26683,659
26684,179
26685,695
26686,1150
26687,325
26688,282
26689,444
26690,136
26691,517
26692,802
26693,226
26694,249
26695,428
26696,120
26697,449
26698,702
26699,193
26700,411
26701,661
26702,176
26703,690
26704,1176
26705,304
26706,286
26707,459
26708,127
26709,476
26710,806
26711,225
26712,250
26713,411
26714,107
26715,453
26716,715
26717,186
26718,361
26719,685
26720,176
26721,684
26722,1077
26723,309
26724,274
26725,467
26726,133
26727,480
26728,766
26729,213
26730,275
26731,429
26732,110
26733,441
26734,736
26735,206
26736,400
26737,696
26738,188
26739,671
26740,1230
26741,340
26742,304
26743,467
26744,128
26745,479
26746,847
26747,235
26748,291
26749,508
26750,148
26751,529
26752,914
26753,247
26754,457
26755,835
26756,218
26757,880
26758,1392
26759,383
26760,320
26761,589
26762,158
26763,608
26764,940
26765,248
26766,314
26767,486
26768,132
26769,540
26770,866
26771,238
26772,491
26773,800
26774,222
26775,872
26776,1365
26777,374
26778,335
26779,543
26780,158
26781,611
26782,983
26783,269
26784,270
26785,456
26786,116
26787,473
26788,791
26789,240
26790,456
26791,652
26792,217
26793,784
26794,1269
26795,355
26796,303
26797,462
26798,142
26799,691
26800,944
26801,204
26802,268
26803,424
26804,130
26805,424
26806,777
26807,201
26808,407
26809,659
26810,179
26811,695
26812,1150
26813,325
26814,282
26815,444
26816,136
26817,517
26818,802
26819,226
26820,249
26821,428
26822,120
26823,449
26824,702
26825,193
26826,411
26827,661
26828,176
26829,690
26830,1176
26831,304
26832,286
26833,459
26834,127
26835,476
26836,806
26837,225
26838,250
26839,411
26840,107
26841,453
26842,715
26843,186
26844,361
26845,685
26846,176
26847,684
26848,1077
26849,309
26850,274
26851,467
26852,133
26853,480
26854,766
26855,213
26856,235
26857,416
26858,105
26859,414
26860,758
26861,179
26862,376
26863,722
26864,179
26865,677
26866,1180
26867,316
26868,239
26869,458
26870,115
26871,453
26872,827
26873,202
26874,274
26875,529
26876,129
26877,495
26878,898
26879,221
26880,439
26881,849
26882,213
26883,838
26884,1433
26885,359
26886,293
26887,554
26888,138
26889,530
26890,954
26891,255
26892,270
26893,515
26894,124
26895,469
26896,885
26897,224
26898,468
26899,827
26900,215
26901,786
26902,1440
26903,363
26904,300
26905,562
26906,142
26907,509
26908,1013
26909,249
26910,219
26911,400
26912,98
26913,385
26914,709
26915,171
26916,379
26917,663
26918,165
26919,643
26920,1153
26921,299
26922,247
26923,457
26924,113
26925,421
26926,832
26927,192
26928,223
26929,419
26930,102
26931,383
26932,738
26933,171
26934,374
26935,677
26936,163
26937,628
26938,1160
26939,304
26940,241
26941,464
26942,114
26943,398
26944,788
26945,206
26946,217
26947,435
26948,107
26949,387
26950,713
26951,180
26952,368
26953,670
26954,163
26955,638
26956,1181
26957,287
26958,245
26959,464
26960,107
26961,407
26962,783
26963,197
26964,219
26965,416
26966,103
26967,399
26968,722
26969,171
26970,364
26971,680
26972,170
26973,654
26974,1182
26975,291
26976,246
26977,424
26978,118
26979,419
26980,797
26981,198
26982,235
26983,416
26984,105
26985,414
26986,758
26987,179
26988,376
26989,722
26990,179
26991,677
26992,1180
26993,316
26994,239
26995,458
26996,115
26997,453
26998,827
26999,202
27000,274
27001,529
27002,129
27003,495
27004,898
27005,221
27006,439
27007,849
27008,213
27009,838
27010,1433
27011,359
27012,293
27013,554
27014,138
27015,530
27016,954
27017,255
27018,270
27019,515
27020,124
27021,469
27022,885
27023,224
27024,468
27025,827
27026,215
27027,786
27028,1440
27029,363
27030,300
27031,562
27032,142
27033,509
27034,1013
27035,249
27036,219
27037,400
27038,98
27039,385
27040,709
27041,171
27042,379
27043,663
27044,165
27045,643
27046,1153
27047,299
27048,247
27049,457
27050,113
27051,421
27052,832
27053,192
27054,223
27055,419
27056,102
27057,383
27058,738
27059,171
27060,374
27061,677
27062,163
27063,628
27064,1160
27065,304
27066,241
27067,464
27068,114
27069,398
27070,788
27071,206
27072,217
27073,435
27074,107
27075,387
27076,713
27077,180
27078,368
27079,670
27080,163
27081,638
27082,1181
27083,287
27084,245
27085,464
27086,107
27087,407
27088,783
27089,197
27090,219
27091,416
27092,103
27093,399
27094,722
27095,171
27096,364
27097,680
27098,170
27099,654
27100,1182
27101,291
27102,246
27103,424
27104,118
27105,419
27106,797
27107,198
27108,235
27109,416
27110,105
27111,414
27112,758
27113,179
27114,376
27115,722
27116,179
27117,677
27118,1180
27119,316
27120,239
27121,458
27122,115
27123,453
27124,827
27125,202
27126,274
27127,529
27128,129
27129,495
27130,898
27131,221
27132,439
27133,849
27134,213
27135,838
27136,1433
27137,359
27138,293
27139,554
27140,138
27141,530
27142,954
27143,255
27144,270
27145,515
27146,124
27147,469
27148,885
27149,224
27150,468
27151,827
27152,215
27153,786
27154,1440
27155,363
27156,300
27157,562
27158,142
27159,509
27160,1013
27161,249
27162,219
27163,400
27164,98
27165,385
27166,709
27167,171
27168,379
27169,663
27170,165
27171,643
27172,1153
27173,299
27174,247
27175,457
27176,113
27177,421
27178,832
27179,192
27180,223
27181,419
27182,102
27183,383
27184,738
27185,171
27186,374
27187,677
27188,163
27189,628
27190,1160
27191,304
27192,241
27193,464
27194,114
27195,398
27196,788
27197,206
27198,217
27199,435
27200,107
27201,387
27202,713
27203,180
27204,368
27205,670
27206,163
27207,638
27208,1181
27209,287
27210,245
27211,464
27212,107
27213,407
27214,783
27215,197
27216,219
27217,416
27218,103
27219,399
27220,722
27221,171
27222,364
27223,680
27224,170
27225,654
27226,1182
27227,291
27228,246
27229,424
27230,118
27231,419
27232,797
27233,198
27234,235
27235,416
27236,105
27237,414
27238,758
27239,179
27240,376
27241,722
27242,179
27243,677
27244,1180
27245,316
27246,239
27247,458
27248,115
27249,453
27250,827
27251,202
27252,274
27253,529
27254,129
27255,495
27256,898
27257,221
27258,439
27259,849
27260,213
27261,838
27262,1433
27263,359
27264,293
27265,554
27266,138
27267,530
27268,954
27269,255
27270,270
27271,515
27272,124
27273,469
27274,885
27275,224
27276,468
27277,827
27278,215
27279,786
27280,1440
27281,363
27282,300
27283,562
27284,142
27285,509
27286,1013
27287,249
27288,219
27289,400
27290,98
27291,385
27292,709
27293,171
27294,379
27295,663
27296,165
27297,643
27298,1153
27299,299
27300,247
27301,457
27302,113
27303,421
27304,832
27305,192
27306,223
27307,419
27308,102
27309,383
27310,738
27311,171
27312,374
27313,677
27314,163
27315,628
27316,1160
27317,304
27318,241
27319,464
27320,114
27321,398
27322,788
27323,206
27324,217
27325,435
27326,107
27327,387
27328,713
27329,180
27330,368
27331,670
27332,163
27333,638
27334,1181
27335,287
27336,245
27337,464
27338,107
27339,407
27340,783
27341,197
27342,219
27343,416
27344,103
27345,399
27346,722
27347,171
27348,364
27349,680
27350,170
27351,654
27352,1182
27353,291
27354,246
27355,424
27356,118
27357,419
27358,797
27359,198
27360,208
27361,446
27362,103
27363,385
27364,783
27365,178
27366,362
27367,771
27368,177
27369,613
27370,1285
27371,323
27372,234
27373,504
27374,117
27375,435
27376,872
27377,203
27378,257
27379,555
27380,131
27381,467
27382,936
27383,223
27384,443
27385,942
27386,197
27387,807
27388,1593
27389,383
27390,290
27391,572
27392,139
27393,502
27394,1036
27395,244
27396,259
27397,536
27398,126
27399,456
27400,936
27401,208
27402,435
27403,884
27404,200
27405,709
27406,1548
27407,354
27408,291
27409,579
27410,141
27411,467
27412,1015
27413,248
27414,201
27415,448
27416,103
27417,365
27418,770
27419,180
27420,355
27421,716
27422,165
27423,629
27424,1222
27425,294
27426,232
27427,465
27428,117
27429,396
27430,819
27431,196
27432,207
27433,436
27434,100
27435,355
27436,765
27437,174
27438,349
27439,725
27440,170
27441,639
27442,1294
27443,294
27444,229
27445,478
27446,112
27447,405
27448,834
27449,202
27450,209
27451,424
27452,104
27453,352
27454,754
27455,180
27456,339
27457,673
27458,166
27459,622
27460,1254
27461,286
27462,235
27463,492
27464,114
27465,386
27466,796
27467,188
27468,203
27469,439
27470,103
27471,363
27472,763
27473,176
27474,352
27475,682
27476,167
27477,611
27478,1211
27479,293
27480,222
27481,470
27482,112
27483,402
27484,811
27485,193
27486,208
27487,446
27488,103
27489,385
27490,783
27491,178
27492,362
27493,771
27494,177
27495,613
27496,1285
27497,323
27498,234
27499,504
27500,117
27501,435
27502,872
27503,203
27504,257
27505,555
27506,131
27507,467
27508,936
27509,223
27510,443
27511,942
27512,197
27513,807
27514,1593
27515,383
27516,290
27517,572
27518,139
27519,502
27520,1036
27521,244
27522,259
27523,536
27524,126
27525,456
27526,936
27527,208
27528,435
27529,884
27530,200
27531,709
27532,1548
27533,354
27534,291
27535,579
27536,141
27537,467
27538,1015
27539,248
27540,201
27541,448
27542,103
27543,365
27544,770
27545,180
27546,355
27547,716
27548,165
27549,629
27550,1222
27551,294
27552,232
27553,465
27554,117
27555,396
27556,819
27557,196
27558,207
27559,436
27560,100
27561,355
27562,765
27563,174
27564,349
27565,725
27566,170
27567,639
27568,1294
27569,294
27570,229
27571,478
27572,112
27573,405
27574,834
27575,202
27576,209
27577,424
27578,104
27579,352
27580,754
27581,180
27582,339
27583,673
27584,166
27585,622
27586,1254
27587,286
27588,235
27589,492
27590,114
27591,386
27592,796
27593,188
27594,203
27595,439
27596,103
27597,363
27598,763
27599,176
27600,352
27601,682
27602,167
27603,611
27604,1211
27605,293
27606,222
27607,470
27608,112
27609,402
27610,811
27611,193
27612,208
27613,446
27614,103
27615,385
27616,783
27617,178
27618,362
27619,771
27620,177
27621,613
27622,1285
27623,323
27624,234
27625,504
27626,117
27627,435
27628,872
27629,203
27630,257
27631,555
27632,131
27633,467
27634,936
27635,223
27636,443
27637,942
27638,197
27639,807
27640,1593
27641,383
27642,290
27643,572
27644,139
27645,502
27646,1036
27647,244
27648,259
27649,536
27650,126
27651,456
27652,936
27653,208
27654,435
27655,884
27656,200
27657,709
27658,1548
27659,354
27660,291
27661,579
27662,141
27663,467
27664,1015
27665,248
27666,201
27667,448
27668,103
27669,365
27670,770
27671,180
27672,355
27673,716
27674,165
27675,629
27676,1222
27677,294
27678,232
27679,465
27680,117
27681,396
27682,819
27683,196
27684,207
27685,436
27686,100
27687,355
27688,765
27689,174
27690,349
27691,725
27692,170
27693,639
27694,1294
27695,294
27696,229
27697,478
27698,112
27699,405
27700,834
27701,202
27702,209
27703,424
27704,104
27705,352
27706,754
27707,180
27708,339
27709,673
27710,166
27711,622
27712,1254
27713,286
27714,235
27715,492
27716,114
27717,386
27718,796
27719,188
27720,203
27721,439
27722,103
27723,363
27724,763
27725,176
27726,352
27727,682
27728,167
27729,611
27730,1211
27731,293
27732,222
27733,470
27734,112
27735,402
27736,811
27737,193
27738,208
27739,446
27740,103
27741,385
27742,783
27743,178
27744,362
27745,771
27746,177
27747,613
27748,1285
27749,323
27750,234
27751,504
27752,117
27753,435
27754,872
27755,203
27756,257
27757,555
27758,131
27759,467
27760,936
27761,223
27762,443
27763,942
27764,197
27765,807
27766,1593
27767,383
27768,290
27769,572
27770,139
27771,502
27772,1036
27773,244
27774,259
27775,536
27776,126
27777,456
27778,936
27779,208
27780,435
27781,884
27782,200
27783,709
27784,1548
27785,354
27786,291
27787,579
27788,141
27789,467
27790,1015
27791,248
27792,201
27793,448
27794,103
27795,365
27796,770
27797,180
27798,355
27799,716
27800,165
27801,629
27802,1222
27803,294
27804,232
27805,465
27806,117
27807,396
27808,819
27809,196
27810,207
27811,436
27812,100
27813,355
27814,765
27815,174
27816,349
27817,725
27818,170
27819,639
27820,1294
27821,294
27822,229
27823,478
27824,112
27825,405
27826,834
27827,202
27828,209
27829,424
27830,104
27831,352
27832,754
27833,180
27834,339
27835,673
27836,166
27837,622
27838,1254
27839,286
27840,235
27841,492
27842,114
27843,386
27844,796
27845,188
27846,203
27847,439
27848,103
27849,363
27850,763
27851,176
27852,352
27853,682
27854,167
27855,611
27856,1211
27857,293
27858,222
27859,470
27860,112
27861,402
27862,811
27863,193
27864,208
27865,446
27866,103
27867,385
27868,783
27869,178
27870,362
27871,771
27872,177
27873,613
27874,1285
27875,323
27876,234
27877,504
27878,117
27879,435
27880,872
27881,203
27882,257
27883,555
27884,131
27885,467
27886,936
27887,223
27888,443
27889,942
27890,197
27891,807
27892,1593
27893,383
27894,290
27895,572
27896,139
27897,502
27898,1036
27899,244
27900,259
27901,536
27902,126
27903,456
27904,936
27905,208
27906,435
27907,884
27908,200
27909,709
27910,1548
27911,354
27912,291
27913,579
27914,141
27915,467
27916,1015
27917,248
27918,209
27919,445
27920,106
27921,346
27922,767
27923,196
27924,363
27925,790
27926,181
27927,625
27928,1401
27929,313
27930,234
27931,486
27932,119
27933,396
27934,880
27935,197
27936,201
27937,481
27938,110
27939,368
27940,801
27941,184
27942,369
27943,809
27944,189
27945,657
27946,1281
27947,355
27948,232
27949,524
27950,120
27951,416
27952,852
27953,209
27954,228
27955,464
27956,110
27957,407
27958,915
27959,202
27960,373
27961,728
27962,193
27963,692
27964,1382
27965,320
27966,257
27967,545
27968,121
27969,364
27970,843
27971,216
27972,208
27973,574
27974,121
27975,364
27976,820
27977,204
27978,314
27979,795
27980,188
27981,569
27982,1457
27983,345
27984,229
27985,525
27986,111
27987,357
27988,866
27989,216
27990,228
27991,446
27992,113
27993,397
27994,959
27995,197
27996,321
27997,823
27998,208
27999,650
28000,1399
28001,338
28002,270
28003,569
28004,130
28005,422
28006,960
28007,233
28008,253
28009,564
28010,150
28011,499
28012,1032
28013,237
28014,425
28015,987
28016,232
28017,781
28018,1737
28019,407
28020,297
28021,645
28022,153
28023,541
28024,1161
28025,266
28026,266
28027,579
28028,134
28029,452
28030,948
28031,220
28032,438
28033,960
28034,232
28035,731
28036,1849
28037,422
28038,273
28039,586
28040,136
28041,530
28042,1154
28043,253
28044,209
28045,445
28046,106
28047,346
28048,767
28049,196
28050,363
28051,790
28052,181
28053,625
28054,1401
28055,313
28056,234
28057,486
28058,119
28059,396
28060,880
28061,197
28062,201
28063,481
28064,110
28065,368
28066,801
28067,184
28068,369
28069,809
28070,189
28071,657
28072,1281
28073,355
28074,232
28075,524
28076,120
28077,416
28078,852
28079,209
28080,228
28081,464
28082,110
28083,407
28084,915
28085,202
28086,373
28087,728
28088,193
28089,692
28090,1382
28091,320
28092,257
28093,545
28094,121
28095,364
28096,843
28097,216
28098,208
28099,574
28100,121
28101,364
28102,820
28103,204
28104,314
28105,795
28106,188
28107,569
28108,1457
28109,345
28110,229
28111,525
28112,111
28113,357
28114,866
28115,216
28116,228
28117,446
28118,113
28119,397
28120,959
28121,197
28122,321
28123,823
28124,208
28125,650
28126,1399
28127,338
28128,270
28129,569
28130,130
28131,422
28132,960
28133,233
28134,253
28135,564
28136,150
28137,499
28138,1032
28139,237
28140,425
28141,987
28142,232
28143,781
28144,1737
28145,407
28146,297
28147,645
28148,153
28149,541
28150,1161
28151,266
28152,266
28153,579
28154,134
28155,452
28156,948
28157,220
28158,438
28159,960
28160,232
28161,731
28162,1849
28163,422
28164,273
28165,586
28166,136
28167,530
28168,1154
28169,253
28170,209
28171,445
28172,106
28173,346
28174,767
28175,196
28176,363
28177,790
28178,181
28179,625
28180,1401
28181,313
28182,234
28183,486
28184,119
28185,396
28186,880
28187,197
28188,201
28189,481
28190,110
28191,368
28192,801
28193,184
28194,369
28195,809
28196,189
28197,657
28198,1281
28199,355
28200,232
28201,524
28202,120
28203,416
28204,852
28205,209
28206,228
28207,464
28208,110
28209,407
28210,915
28211,202
28212,373
28213,728
28214,193
28215,692
28216,1382
28217,320
28218,257
28219,545
28220,121
28221,364
28222,843
28223,216
28224,208
28225,574
28226,121
28227,364
28228,820
28229,204
28230,314
28231,795
28232,188
28233,569
28234,1457
28235,345
28236,229
28237,525
28238,111
28239,357
28240,866
28241,216
28242,228
28243,446
28244,113
28245,397
28246,959
28247,197
28248,321
28249,823
28250,208
28251,650
28252,1399
28253,338
28254,270
28255,569
28256,130
28257,422
28258,960
28259,233
28260,253
28261,564
28262,150
28263,499
28264,1032
28265,237
28266,425
28267,987
28268,232
28269,781
28270,1737
28271,407
28272,297
28273,645
28274,153
28275,541
28276,1161
28277,266
28278,266
28279,579
28280,134
28281,452
28282,948
28283,220
28284,438
28285,960
28286,232
28287,731
28288,1849
28289,422
28290,273
28291,586
28292,136
28293,530
28294,1154
28295,253
28296,209
28297,445
28298,106
28299,346
28300,767
28301,196
28302,363
28303,790
28304,181
28305,625
28306,1401
28307,313
28308,234
28309,486
28310,119
28311,396
28312,880
28313,197
28314,201
28315,481
28316,110
28317,368
28318,801
28319,184
28320,369
28321,809
28322,189
28323,657
28324,1281
28325,355
28326,232
28327,524
28328,120
28329,416
28330,852
28331,209
28332,228
28333,464
28334,110
28335,407
28336,915
28337,202
28338,373
28339,728
28340,193
28341,692
28342,1382
28343,320
28344,257
28345,545
28346,121
28347,364
28348,843
28349,216
28350,208
28351,574
28352,121
28353,364
28354,820
28355,204
28356,314
28357,795
28358,188
28359,569
28360,1457
28361,345
28362,229
28363,525
28364,111
28365,357
28366,866
28367,216
28368,228
28369,446
28370,113
28371,397
28372,959
28373,197
28374,321
28375,823
28376,208
28377,650
28378,1399
28379,338
28380,270
28381,569
28382,130
28383,422
28384,960
28385,233
28386,253
28387,564
28388,150
28389,499
28390,1032
28391,237
28392,425
28393,987
28394,232
28395,781
28396,1737
28397,407
28398,297
28399,645
28400,153
28401,541
28402,1161
28403,266
28404,266
28405,579
28406,134
28407,452
28408,948
28409,220
28410,438
28411,960
28412,232
28413,731
28414,1849
28415,422
28416,273
28417,586
28418,136
28419,530
28420,1154
28421,253
28422,209
28423,445
28424,106
28425,346
28426,767
28427,196
28428,363
28429,790
28430,181
28431,625
28432,1401
28433,313
28434,234
28435,486
28436,119
28437,396
28438,880
28439,197
28440,201
28441,481
28442,110
28443,368
28444,801
28445,184
28446,369
28447,809
28448,189
28449,657
28450,1281
28451,355
28452,232
28453,524
28454,120
28455,416
28456,852
28457,209
28458,192
28459,453
28460,114
28461,336
28462,801
28463,196
28464,324
28465,763
28466,190
28467,563
28468,1373
28469,335
28470,204
28471,456
28472,122
28473,375
28474,831
28475,196
28476,197
28477,457
28478,115
28479,328
28480,797
28481,189
28482,304
28483,749
28484,180
28485,536
28486,1315
28487,330
28488,212
28489,475
28490,115
28491,379
28492,849
28493,211
28494,209
28495,469
28496,120
28497,366
28498,866
28499,213
28500,364
28501,843
28502,211
28503,605
28504,1339
28505,368
28506,219
28507,521
28508,135
28509,391
28510,939
28511,218
28512,244
28513,561
28514,147
28515,443
28516,986
28517,240
28518,439
28519,1014
28520,247
28521,736
28522,1807
28523,439
28524,268
28525,619
28526,151
28527,460
28528,1103
28529,277
28530,262
28531,535
28532,131
28533,433
28534,925
28535,239
28536,443
28537,965
28538,254
28539,743
28540,1726
28541,429
28542,269
28543,616
28544,146
28545,452
28546,1110
28547,281
28548,210
28549,436
28550,111
28551,337
28552,751
28553,192
28554,325
28555,771
28556,201
28557,606
28558,1382
28559,336
28560,211
28561,482
28562,124
28563,352
28564,850
28565,220
28566,206
28567,448
28568,108
28569,334
28570,785
28571,189
28572,350
28573,792
28574,203
28575,677
28576,1408
28577,334
28578,213
28579,479
28580,120
28581,357
28582,776
28583,206
28584,192
28585,453
28586,114
28587,336
28588,801
28589,196
28590,324
28591,763
28592,190
28593,563
28594,1373
28595,335
28596,204
28597,456
28598,122
28599,375
28600,831
28601,196
28602,197
28603,457
28604,115
28605,328
28606,797
28607,189
28608,304
28609,749
28610,180
28611,536
28612,1315
28613,330
28614,212
28615,475
28616,115
28617,379
28618,849
28619,211
28620,209
28621,469
28622,120
28623,366
28624,866
28625,213
28626,364
28627,843
28628,211
28629,605
28630,1339
28631,368
28632,219
28633,521
28634,135
28635,391
28636,939
28637,218
28638,244
28639,561
28640,147
28641,443
28642,986
28643,240
28644,439
28645,1014
28646,247
28647,736
28648,1807
28649,439
28650,268
28651,619
28652,151
28653,460
28654,1103
28655,277
28656,262
28657,535
28658,131
28659,433
28660,925
28661,239
28662,443
28663,965
28664,254
28665,743
28666,1726
28667,429
28668,269
28669,616
28670,146
28671,452
28672,1110
28673,281
28674,210
28675,436
28676,111
28677,337
28678,751
28679,192
28680,325
28681,771
28682,201
28683,606
28684,1382
28685,336
28686,211
28687,482
28688,124
28689,352
28690,850
28691,220
28692,206
28693,448
28694,108
28695,334
28696,785
28697,189
28698,350
28699,792
28700,203
28701,677
28702,1408
28703,334
28704,213
28705,479
28706,120
28707,357
28708,776
28709,206
28710,192
28711,453
28712,114
28713,336
28714,801
28715,196
28716,324
28717,763
28718,190
28719,563
28720,1373
28721,335
28722,204
28723,456
28724,122
28725,375
28726,831
28727,196
28728,197
28729,457
28730,115
28731,328
28732,797
28733,189
28734,304
28735,749
28736,180
28737,536
28738,1315
28739,330
28740,212
28741,475
28742,115
28743,379
28744,849
28745,211
28746,209
28747,469
28748,120
28749,366
28750,866
28751,213
28752,364
28753,843
28754,211
28755,605
28756,1339
28757,368
28758,219
28759,521
28760,135
28761,391
28762,939
28763,218
28764,244
28765,561
28766,147
28767,443
28768,986
28769,240
28770,439
28771,1014
28772,247
28773,736
28774,1807
28775,439
28776,268
28777,619
28778,151
28779,460
28780,1103
28781,277
28782,262
28783,535
28784,131
28785,433
28786,925
28787,239
28788,443
28789,965
28790,254
28791,743
28792,1726
28793,429
28794,269
28795,616
28796,146
28797,452
28798,1110
28799,281
28800,210
28801,436
28802,111
28803,337
28804,751
28805,192
28806,325
28807,771
28808,201
28809,606
28810,1382
28811,336
28812,211
28813,482
28814,124
28815,352
28816,850
28817,220
28818,206
28819,448
28820,108
28821,334
28822,785
28823,189
28824,350
28825,792
28826,203
28827,677
28828,1408
28829,334
28830,213
28831,479
28832,120
28833,357
28834,776
28835,206
28836,192
28837,453
28838,114
28839,336
28840,801
28841,196
28842,324
28843,763
28844,190
28845,563
28846,1373
28847,335
28848,204
28849,456
28850,122
28851,375
28852,831
28853,196
28854,197
28855,457
28856,115
28857,328
28858,797
28859,189
28860,304
28861,749
28862,180
28863,536
28864,1315
28865,330
28866,212
28867,475
28868,115
28869,379
28870,849
28871,211
28872,209
28873,469
28874,120
28875,366
28876,866
28877,213
28878,364
28879,843
28880,211
28881,605
28882,1339
28883,368
28884,219
28885,521
28886,135
28887,391
28888,939
28889,218
28890,244
28891,561
28892,147
28893,443
28894,986
28895,240
28896,439
28897,1014
28898,247
28899,736
28900,1807
28901,439
28902,268
28903,619
28904,151
28905,460
28906,1103
28907,277
28908,262
28909,535
28910,131
28911,433
28912,925
28913,239
28914,443
28915,965
28916,254
28917,743
28918,1726
28919,429
28920,269
28921,616
28922,146
28923,452
28924,1110
28925,281
28926,210
28927,436
28928,111
28929,337
28930,751
28931,192
28932,325
28933,771
28934,201
28935,606
28936,1382
28937,336
28938,211
28939,482
28940,124
28941,352
28942,850
28943,220
28944,206
28945,448
28946,108
28947,334
28948,785
28949,189
28950,350
28951,792
28952,203
28953,677
28954,1408
28955,334
28956,213
28957,479
28958,120
28959,357
28960,776
28961,206
28962,192
28963,453
28964,114
28965,336
28966,801
28967,196
28968,324
28969,763
28970,190
28971,563
28972,1373
28973,335
28974,204
28975,456
28976,122
28977,375
28978,831
28979,196
28980,197
28981,457
28982,115
28983,328
28984,797
28985,189
28986,304
28987,749
28988,180
28989,536
28990,1315
28991,330
28992,212
28993,475
28994,115
28995,379
28996,849
28997,211
28998,209
28999,469
29000,120
29001,366
29002,866
29003,213
29004,364
29005,843
29006,211
29007,605
29008,1339
29009,368
29010,219
29011,521
29012,135
29013,391
29014,939
29015,218
29016,227
29017,506
29018,137
29019,400
29020,820
29021,226
29022,353
29023,779
29024,214
29025,631
29026,1431
29027,360
29028,244
29029,547
29030,151
29031,438
29032,989
29033,269
29034,238
29035,476
29036,128
29037,403
29038,842
29039,232
29040,358
29041,787
29042,200
29043,637
29044,1362
29045,362
29046,249
29047,559
29048,151
29049,401
29050,1005
29051,260
29052,184
29053,402
29054,109
29055,327
29056,645
29057,192
29058,278
29059,664
29060,169
29061,531
29062,1074
29063,285
29064,211
29065,449
29066,121
29067,340
29068,761
29069,206
29070,181
29071,381
29072,110
29073,342
29074,639
29075,180
29076,292
29077,604
29078,170
29079,493
29080,1156
29081,287
29082,206
29083,463
29084,123
29085,367
29086,855
29087,217
29088,188
29089,416
29090,131
29091,321
29092,731
29093,179
29094,307
29095,607
29096,171
29097,508
29098,1076
29099,293
29100,205
29101,425
29102,116
29103,354
29104,797
29105,211
29106,186
29107,409
29108,113
29109,340
29110,683
29111,193
29112,289
29113,596
29114,162
29115,491
29116,1115
29117,291
29118,203
29119,462
29120,120
29121,372
29122,805
29123,216
29124,186
29125,396
29126,112
29127,331
29128,691
29129,207
29130,297
29131,634
29132,181
29133,535
29134,1121
29135,309
29136,208
29137,469
29138,127
29139,370
29140,843
29141,217
29142,227
29143,506
29144,137
29145,400
29146,820
29147,226
29148,353
29149,779
29150,214
29151,631
29152,1431
29153,360
29154,244
29155,547
29156,151
29157,438
29158,989
29159,269
29160,238
29161,476
29162,128
29163,403
29164,842
29165,232
29166,358
29167,787
29168,200
29169,637
29170,1362
29171,362
29172,249
29173,559
29174,151
29175,401
29176,1005
29177,260
29178,184
29179,402
29180,109
29181,327
29182,645
29183,192
29184,278
29185,664
29186,169
29187,531
29188,1074
29189,285
29190,211
29191,449
29192,121
29193,340
29194,761
29195,206
29196,181
29197,381
29198,110
29199,342
29200,639
29201,180
29202,292
29203,604
29204,170
29205,493
29206,1156
29207,287
29208,206
29209,463
29210,123
29211,367
29212,855
29213,217
29214,188
29215,416
29216,131
29217,321
29218,731
29219,179
29220,307
29221,607
29222,171
29223,508
29224,1076
29225,293
29226,205
29227,425
29228,116
29229,354
29230,797
29231,211
29232,186
29233,409
29234,113
29235,340
29236,683
29237,193
29238,289
29239,596
29240,162
29241,491
29242,1115
29243,291
29244,203
29245,462
29246,120
29247,372
29248,805
29249,216
29250,186
29251,396
29252,112
29253,331
29254,691
29255,207
29256,297
29257,634
29258,181
29259,535
29260,1121
29261,309
29262,208
29263,469
29264,127
29265,370
29266,843
29267,217
29268,227
29269,506
29270,137
29271,400
29272,820
29273,226
29274,353
29275,779
29276,214
29277,631
29278,1431
29279,360
29280,244
29281,547
29282,151
29283,438
29284,989
29285,269
29286,238
29287,476
29288,128
29289,403
29290,842
29291,232
29292,358
29293,787
29294,200
29295,637
29296,1362
29297,362
29298,249
29299,559
29300,151
29301,401
29302,1005
29303,260
29304,184
29305,402
29306,109
29307,327
29308,645
29309,192
29310,278
29311,664
29312,169
29313,531
29314,1074
29315,285
29316,211
29317,449
29318,121
29319,340
29320,761
29321,206
29322,181
29323,381
29324,110
29325,342
29326,639
29327,180
29328,292
29329,604
29330,170
29331,493
29332,1156
29333,287
29334,206
29335,463
29336,123
29337,367
29338,855
29339,217
29340,188
29341,416
29342,131
29343,321
29344,731
29345,179
29346,307
29347,607
29348,171
29349,508
29350,1076
29351,293
29352,205
29353,425
29354,116
29355,354
29356,797
29357,211
29358,186
29359,409
29360,113
29361,340
29362,683
29363,193
29364,289
29365,596
29366,162
29367,491
29368,1115
29369,291
29370,203
29371,462
29372,120
29373,372
29374,805
29375,216
29376,186
29377,396
29378,112
29379,331
29380,691
29381,207
29382,297
29383,634
29384,181
29385,535
29386,1121
29387,309
29388,208
29389,469
29390,127
29391,370
29392,843
29393,217
29394,227
29395,506
29396,137
29397,400
29398,820
29399,226
29400,353
29401,779
29402,214
29403,631
29404,1431
29405,360
29406,244
29407,547
29408,151
29409,438
29410,989
29411,269
29412,238
29413,476
29414,128
29415,403
29416,842
29417,232
29418,358
29419,787
29420,200
29421,637
29422,1362
29423,362
29424,249
29425,559
29426,151
29427,401
29428,1005
29429,260
29430,184
29431,402
29432,109
29433,327
29434,645
29435,192
29436,278
29437,664
29438,169
29439,531
29440,1074
29441,285
29442,211
29443,449
29444,121
29445,340
29446,761
29447,206
29448,181
29449,381
29450,110
29451,342
29452,639
29453,180
29454,292
29455,604
29456,170
29457,493
29458,1156
29459,287
29460,206
29461,463
29462,123
29463,367
29464,855
29465,217
29466,188
29467,416
29468,131
29469,321
29470,731
29471,179
29472,307
29473,607
29474,171
29475,508
29476,1076
29477,293
29478,205
29479,425
29480,116
29481,354
29482,797
29483,211
29484,186
29485,409
29486,113
29487,340
29488,683
29489,193
29490,289
29491,596
29492,162
29493,491
29494,1115
29495,291
29496,203
29497,462
29498,120
29499,372
29500,805
29501,216
29502,186
29503,396
29504,112
29505,331
29506,691
29507,207
29508,297
29509,634
29510,181
29511,535
29512,1121
29513,309
29514,208
29515,469
29516,127
29517,370
29518,843
29519,217
29520,227
29521,506
29522,137
29523,400
29524,820
29525,226
29526,353
29527,779
29528,214
29529,631
29530,1431
29531,360
29532,244
29533,547
29534,151
29535,438
29536,989
29537,269
29538,238
29539,476
29540,128
29541,403
29542,842
29543,232
29544,358
29545,787
29546,200
29547,637
29548,1362
29549,362
29550,249
29551,559
29552,151
29553,401
29554,1005
29555,260
29556,167
29557,341
29558,102
29559,292
29560,591
29561,181
29562,296
29563,535
29564,169
29565,500
29566,958
29567,281
29568,192
29569,377
29570,113
29571,336
29572,614
29573,184
29574,167
29575,341
29576,100
29577,303
29578,554
29579,175
29580,283
29581,572
29582,172
29583,486
29584,947
29585,299
29586,189
29587,372
29588,109
29589,321
29590,669
29591,187
29592,167
29593,326
29594,99
29595,286
29596,591
29597,177
29598,279
29599,565
29600,167
29601,535
29602,974
29603,311
29604,177
29605,352
29606,112
29607,320
29608,664
29609,203
29610,174
29611,328
29612,101
29613,305
29614,594
29615,189
29616,278
29617,573
29618,166
29619,483
29620,1011
29621,294
29622,185
29623,351
29624,112
29625,337
29626,637
29627,196
29628,182
29629,369
29630,109
29631,327
29632,611
29633,190
29634,301
29635,582
29636,172
29637,519
29638,1028
29639,343
29640,192
29641,382
29642,118
29643,336
29644,657
29645,207
29646,217
29647,421
29648,119
29649,381
29650,729
29651,224
29652,336
29653,671
29654,204
29655,653
29656,1157
29657,351
29658,234
29659,460
29660,139
29661,407
29662,804
29663,244
29664,219
29665,434
29666,126
29667,384
29668,764
29669,224
29670,339
29671,676
29672,207
29673,590
29674,1207
29675,349
29676,243
29677,459
29678,142
29679,404
29680,861
29681,249
29682,167
29683,341
29684,102
29685,292
29686,591
29687,181
29688,296
29689,535
29690,169
29691,500
29692,958
29693,281
29694,192
29695,377
29696,113
29697,336
29698,614
29699,184
29700,167
29701,341
29702,100
29703,303
29704,554
29705,175
29706,283
29707,572
29708,172
29709,486
29710,947
29711,299
29712,189
29713,372
29714,109
29715,321
29716,669
29717,187
29718,167
29719,326
29720,99
29721,286
29722,591
29723,177
29724,279
29725,565
29726,167
29727,535
29728,974
29729,311
29730,177
29731,352
29732,112
29733,320
29734,664
29735,203
29736,174
29737,328
29738,101
29739,305
29740,594
29741,189
29742,278
29743,573
29744,166
29745,483
29746,1011
29747,294
29748,185
29749,351
29750,112
29751,337
29752,637
29753,196
29754,182
29755,369
29756,109
29757,327
29758,611
29759,190
29760,301
29761,582
29762,172
29763,519
29764,1028
29765,343
29766,192
29767,382
29768,118
29769,336
29770,657
29771,207
29772,217
29773,421
29774,119
29775,381
29776,729
29777,224
29778,336
29779,671
29780,204
29781,653
29782,1157
29783,351
29784,234
29785,460
29786,139
29787,407
29788,804
29789,244
29790,219
29791,434
29792,126
29793,384
29794,764
29795,224
29796,339
29797,676
29798,207
29799,590
29800,1207
29801,349
29802,243
29803,459
29804,142
29805,404
29806,861
29807,249
29808,167
29809,341
29810,102
29811,292
29812,591
29813,181
29814,296
29815,535
29816,169
29817,500
29818,958
29819,281
29820,192
29821,377
29822,113
29823,336
29824,614
29825,184
29826,167
29827,341
29828,100
29829,303
29830,554
29831,175
29832,283
29833,572
29834,172
29835,486
29836,947
29837,299
29838,189
29839,372
29840,109
29841,321
29842,669
29843,187
29844,167
29845,326
29846,99
29847,286
29848,591
29849,177
29850,279
29851,565
29852,167
29853,535
29854,974
29855,311
29856,177
29857,352
29858,112
29859,320
29860,664
29861,203
29862,174
29863,328
29864,101
29865,305
29866,594
29867,189
29868,278
29869,573
29870,166
29871,483
29872,1011
29873,294
29874,185
29875,351
29876,112
29877,337
29878,637
29879,196
29880,182
29881,369
29882,109
29883,327
29884,611
29885,190
29886,301
29887,582
29888,172
29889,519
29890,1028
29891,343
29892,192
29893,382
29894,118
29895,336
29896,657
29897,207
29898,217
29899,421
29900,119
29901,381
29902,729
29903,224
29904,336
29905,671
29906,204
29907,653
29908,1157
29909,351
29910,234
29911,460
29912,139
29913,407
29914,804
29915,244
29916,219
29917,434
29918,126
29919,384
29920,764
29921,224
29922,339
29923,676
29924,207
29925,590
29926,1207
29927,349
29928,243
29929,459
29930,142
29931,404
29932,861
29933,249
29934,167
29935,341
29936,102
29937,292
29938,591
29939,181
29940,296
29941,535
29942,169
29943,500
29944,958
29945,281
29946,192
29947,377
29948,113
29949,336
29950,614
29951,184
29952,167
29953,341
29954,100
29955,303
29956,554
29957,175
29958,283
29959,572
29960,172
29961,486
29962,947
29963,299
29964,189
29965,372
29966,109
29967,321
29968,669
29969,187
29970,167
29971,326
29972,99
29973,286
29974,591
29975,177
29976,279
29977,565
29978,167
29979,535
29980,974
29981,311
29982,177
29983,352
29984,112
29985,320
29986,664
29987,203
29988,174
29989,328
29990,101
29991,305
29992,594
29993,189
29994,278
29995,573
29996,166
29997,483
29998,1011
29999,294
30000,185
30001,351
30002,112
30003,337
30004,637
30005,196
30006,182
30007,369
30008,109
30009,327
30010,611
30011,190
30012,301
30013,582
30014,172
30015,519
30016,1028
30017,343
30018,192
30019,382
30020,118
30021,336
30022,657
30023,207
30024,217
30025,421
30026,119
30027,381
30028,729
30029,224
30030,336
30031,671
30032,204
30033,653
30034,1157
30035,351
30036,234
30037,460
30038,139
30039,407
30040,804
30041,244
30042,219
30043,434
30044,126
30045,384
30046,764
30047,224
30048,339
30049,676
30050,207
30051,590
30052,1207
30053,349
30054,243
30055,459
30056,142
30057,404
30058,861
30059,249
30060,167
30061,341
30062,102
30063,292
30064,591
30065,181
30066,296
30067,535
30068,169
30069,500
30070,958
30071,281
30072,192
30073,377
30074,113
30075,336
30076,614
30077,184
30078,167
30079,341
30080,100
30081,303
30082,554
30083,175
30084,283
30085,572
30086,172
30087,486
30088,947
30089,299
30090,189
30091,372
30092,109
30093,321
30094,669
30095,187
30096,167
30097,326
30098,99
30099,286
30100,591
30101,177
30102,279
30103,565
30104,167
30105,535
30106,974
30107,311
30108,177
30109,352
30110,112
30111,320
30112,664
30113,203
30114,185
30115,309
30116,100
30117,325
30118,530
30119,178
30120,296
30121,510
30122,166
30123,509
30124,904
30125,290
30126,200
30127,332
30128,114
30129,331
30130,562
30131,193
30132,198
30133,317
30134,111
30135,315
30136,563
30137,192
30138,318
30139,532
30140,172
30141,570
30142,924
30143,306
30144,201
30145,352
30146,123
30147,375
30148,613
30149,201
30150,225
30151,387
30152,135
30153,403
30154,666
30155,239
30156,373
30157,638
30158,215
30159,663
30160,1071
30161,368
30162,251
30163,405
30164,136
30165,428
30166,740
30167,239
30168,232
30169,382
30170,128
30171,422
30172,676
30173,219
30174,356
30175,616
30176,211
30177,646
30178,1104
30179,372
30180,256
30181,413
30182,145
30183,441
30184,672
30185,240
30186,184
30187,291
30188,102
30189,319
30190,525
30191,176
30192,292
30193,495
30194,166
30195,500
30196,893
30197,301
30198,197
30199,328
30200,112
30201,356
30202,613
30203,188
30204,184
30205,296
30206,99
30207,330
30208,543
30209,171
30210,306
30211,487
30212,170
30213,532
30214,853
30215,293
30216,203
30217,311
30218,113
30219,343
30220,605
30221,194
30222,179
30223,303
30224,104
30225,314
30226,514
30227,182
30228,293
30229,526
30230,168
30231,524
30232,869
30233,302
30234,206
30235,336
30236,115
30237,348
30238,576
30239,188
30240,185
30241,309
30242,100
30243,325
30244,530
30245,178
30246,296
30247,510
30248,166
30249,509
30250,904
30251,290
30252,200
30253,332
30254,114
30255,331
30256,562
30257,193
30258,198
30259,317
30260,111
30261,315
30262,563
30263,192
30264,318
30265,532
30266,172
30267,570
30268,924
30269,306
30270,201
30271,352
30272,123
30273,375
30274,613
30275,201
30276,225
30277,387
30278,135
30279,403
30280,666
30281,239
30282,373
30283,638
30284,215
30285,663
30286,1071
30287,368
30288,251
30289,405
30290,136
30291,428
30292,740
30293,239
30294,232
30295,382
30296,128
30297,422
30298,676
30299,219
30300,356
30301,616
30302,211
30303,646
30304,1104
30305,372
30306,256
30307,413
30308,145
30309,441
30310,672
30311,240
30312,184
30313,291
30314,102
30315,319
30316,525
30317,176
30318,292
30319,495
30320,166
30321,500
30322,893
30323,301
30324,197
30325,328
30326,112
30327,356
30328,613
30329,188
30330,184
30331,296
30332,99
30333,330
30334,543
30335,171
30336,306
30337,487
30338,170
30339,532
30340,853
30341,293
30342,203
30343,311
30344,113
30345,343
30346,605
30347,194
30348,179
30349,303
30350,104
30351,314
30352,514
30353,182
30354,293
30355,526
30356,168
30357,524
30358,869
30359,302
30360,206
30361,336
30362,115
30363,348
30364,576
30365,188
30366,185
30367,309
30368,100
30369,325
30370,530
30371,178
30372,296
30373,510
30374,166
30375,509
30376,904
30377,290
30378,200
30379,332
30380,114
30381,331
30382,562
30383,193
30384,198
30385,317
30386,111
30387,315
30388,563
30389,192
30390,318
30391,532
30392,172
30393,570
30394,924
30395,306
30396,201
30397,352
30398,123
30399,375
30400,613
30401,201
30402,225
30403,387
30404,135
30405,403
30406,666
30407,239
30408,373
30409,638
30410,215
30411,663
30412,1071
30413,368
30414,251
30415,405
30416,136
30417,428
30418,740
30419,239
30420,232
30421,382
30422,128
30423,422
30424,676
30425,219
30426,356
30427,616
30428,211
30429,646
30430,1104
30431,372
30432,256
30433,413
30434,145
30435,441
30436,672
30437,240
30438,184
30439,291
30440,102
30441,319
30442,525
30443,176
30444,292
30445,495
30446,166
30447,500
30448,893
30449,301
30450,197
30451,328
30452,112
30453,356
30454,613
30455,188
30456,184
30457,296
30458,99
30459,330
30460,543
30461,171
30462,306
30463,487
30464,170
30465,532
30466,853
30467,293
30468,203
30469,311
30470,113
30471,343
30472,605
30473,194
30474,179
30475,303
30476,104
30477,314
30478,514
30479,182
30480,293
30481,526
30482,168
30483,524
30484,869
30485,302
30486,206
30487,336
30488,115
30489,348
30490,576
30491,188
30492,185
30493,309
30494,100
30495,325
30496,530
30497,178
30498,296
30499,510
30500,166
30501,509
30502,904
30503,290
30504,200
30505,332
30506,114
30507,331
30508,562
30509,193
30510,198
30511,317
30512,111
30513,315
30514,563
30515,192
30516,318
30517,532
30518,172
30519,570
30520,924
30521,306
30522,201
30523,352
30524,123
30525,375
30526,613
30527,201
30528,225
30529,387
30530,135
30531,403
30532,666
30533,239
30534,373
30535,638
30536,215
30537,663
30538,1071
30539,368
30540,251
30541,405
30542,136
30543,428
30544,740
30545,239
30546,232
30547,382
30548,128
30549,422
30550,676
30551,219
30552,356
30553,616
30554,211
30555,646
30556,1104
30557,372
30558,256
30559,413
30560,145
30561,441
30562,672
30563,240
30564,184
30565,291
30566,102
30567,319
30568,525
30569,176
30570,292
30571,495
30572,166
30573,500
30574,893
30575,301
30576,197
30577,328
30578,112
30579,356
30580,613
30581,188
30582,184
30583,296
30584,99
30585,330
30586,543
30587,171
30588,306
30589,487
30590,170
30591,532
30592,853
30593,293
30594,203
30595,311
30596,113
30597,343
30598,605
30599,194
30600,179
30601,303
30602,104
30603,314
30604,514
30605,182
30606,293
30607,526
30608,168
30609,524
30610,869
30611,302
30612,206
30613,336
30614,115
30615,348
30616,576
30617,188
30618,185
30619,309
30620,100
30621,325
30622,530
30623,178
30624,296
30625,510
30626,166
30627,509
30628,904
30629,290
30630,200
30631,332
30632,114
30633,331
30634,562
30635,193
30636,198
30637,317
30638,111
30639,315
30640,563
30641,192
30642,318
30643,532
30644,172
30645,570
30646,924
30647,306
30648,201
30649,352
30650,123
30651,375
30652,613
30653,201
30654,225
30655,387
30656,135
30657,403
30658,666
30659,239
30660,373
30661,638
30662,215
30663,663
30664,1071
30665,368
30666,251
30667,405
30668,136
30669,428
30670,740
30671,239
30672,243
30673,348
30674,127
30675,426
30676,608
30677,224
30678,397
30679,592
30680,218
30681,682
30682,995
30683,370
30684,283
30685,396
30686,139
30687,468
30688,682
30689,241
30690,202
30691,279
30692,100
30693,326
30694,485
30695,181
30696,325
30697,475
30698,166
30699,542
30700,840
30701,284
30702,214
30703,307
30704,119
30705,374
30706,555
30707,194
30708,193
30709,282
30710,102
30711,365
30712,502
30713,184
30714,314
30715,474
30716,169
30717,548
30718,823
30719,291
30720,209
30721,296
30722,112
30723,382
30724,523
30725,199
30726,189
30727,280
30728,98
30729,352
30730,470
30731,176
30732,325
30733,461
30734,173
30735,529
30736,821
30737,282
30738,218
30739,296
30740,106
30741,350
30742,532
30743,203
30744,194
30745,279
30746,106
30747,331
30748,479
30749,172
30750,322
30751,489
30752,174
30753,543
30754,823
30755,287
30756,207
30757,303
30758,113
30759,378
30760,533
30761,203
30762,212
30763,296
30764,106
30765,336
30766,524
30767,193
30768,343
30769,485
30770,174
30771,581
30772,870
30773,305
30774,216
30775,318
30776,115
30777,404
30778,565
30779,205
30780,248
30781,369
30782,126
30783,418
30784,596
30785,231
30786,400
30787,575
30788,211
30789,701
30790,1030
30791,372
30792,271
30793,390
30794,138
30795,460
30796,653
30797,244
30798,243
30799,348
30800,127
30801,426
30802,608
30803,224
30804,397
30805,592
30806,218
30807,682
30808,995
30809,370
30810,283
30811,396
30812,139
30813,468
30814,682
30815,241
30816,202
30817,279
30818,100
30819,326
30820,485
30821,181
30822,325
30823,475
30824,166
30825,542
30826,840
30827,284
30828,214
30829,307
30830,119
30831,374
30832,555
30833,194
30834,193
30835,282
30836,102
30837,365
30838,502
30839,184
30840,314
30841,474
30842,169
30843,548
30844,823
30845,291
30846,209
30847,296
30848,112
30849,382
30850,523
30851,199
30852,189
30853,280
30854,98
30855,352
30856,470
30857,176
30858,325
30859,461
30860,173
30861,529
30862,821
30863,282
30864,218
30865,296
30866,106
30867,350
30868,532
30869,203
30870,194
30871,279
30872,106
30873,331
30874,479
30875,172
30876,322
30877,489
30878,174
30879,543
30880,823
30881,287
30882,207
30883,303
30884,113
30885,378
30886,533
30887,203
30888,212
30889,296
30890,106
30891,336
30892,524
30893,193
30894,343
30895,485
30896,174
30897,581
30898,870
30899,305
30900,216
30901,318
30902,115
30903,404
30904,565
30905,205
30906,248
30907,369
30908,126
30909,418
30910,596
30911,231
30912,400
30913,575
30914,211
30915,701
30916,1030
30917,372
30918,271
30919,390
30920,138
30921,460
30922,653
30923,244
30924,243
30925,348
30926,127
30927,426
30928,608
30929,224
30930,397
30931,592
30932,218
30933,682
30934,995
30935,370
30936,283
30937,396
30938,139
30939,468
30940,682
30941,241
30942,202
30943,279
30944,100
30945,326
30946,485
30947,181
30948,325
30949,475
30950,166
30951,542
30952,840
30953,284
30954,214
30955,307
30956,119
30957,374
30958,555
30959,194
30960,193
30961,282
30962,102
30963,365
30964,502
30965,184
30966,314
30967,474
30968,169
30969,548
30970,823
30971,291
30972,209
30973,296
30974,112
30975,382
30976,523
30977,199
30978,189
30979,280
30980,98
30981,352
30982,470
30983,176
30984,325
30985,461
30986,173
30987,529
30988,821
30989,282
30990,218
30991,296
30992,106
30993,350
30994,532
30995,203
30996,194
30997,279
30998,106
30999,331
31000,479
31001,172
31002,322
31003,489
31004,174
31005,543
31006,823
31007,287
31008,207
31009,303
31010,113
31011,378
31012,533
31013,203
31014,212
31015,296
31016,106
31017,336
31018,524
31019,193
31020,343
31021,485
31022,174
31023,581
31024,870
31025,305
31026,216
31027,318
31028,115
31029,404
31030,565
31031,205
31032,248
31033,369
31034,126
31035,418
31036,596
31037,231
31038,400
31039,575
31040,211
31041,701
31042,1030
31043,372
31044,271
31045,390
31046,138
31047,460
31048,653
31049,244
31050,243
31051,348
31052,127
31053,426
31054,608
31055,224
31056,397
31057,592
31058,218
31059,682
31060,995
31061,370
31062,283
31063,396
31064,139
31065,468
31066,682
31067,241
31068,202
31069,279
31070,100
31071,326
31072,485
31073,181
31074,325
31075,475
31076,166
31077,542
31078,840
31079,284
31080,214
31081,307
31082,119
31083,374
31084,555
31085,194
31086,193
31087,282
31088,102
31089,365
31090,502
31091,184
31092,314
31093,474
31094,169
31095,548
31096,823
31097,291
31098,209
31099,296
31100,112
31101,382
31102,523
31103,199
31104,189
31105,280
31106,98
31107,352
31108,470
31109,176
31110,325
31111,461
31112,173
31113,529
31114,821
31115,282
31116,218
31117,296
31118,106
31119,350
31120,532
31121,203
31122,194
31123,279
31124,106
31125,331
31126,479
31127,172
31128,322
31129,489
31130,174
31131,543
31132,823
31133,287
31134,207
31135,303
31136,113
31137,378
31138,533
31139,203
31140,212
31141,296
31142,106
31143,336
31144,524
31145,193
31146,343
31147,485
31148,174
31149,581
31150,870
31151,305
31152,216
31153,318
31154,115
31155,404
31156,565
31157,205
31158,248
31159,369
31160,126
31161,418
31162,596
31163,231
31164,400
31165,575
31166,211
31167,701
31168,1030
31169,372
31170,271
31171,390
31172,138
31173,460
31174,653
31175,244
31176,243
31177,348
31178,127
31179,426
31180,608
31181,224
31182,397
31183,592
31184,218
31185,682
31186,995
31187,370
31188,283
31189,396
31190,139
31191,468
31192,682
31193,241
31194,202
31195,279
31196,100
31197,326
31198,485
31199,181
31200,325
31201,475
31202,166
31203,542
31204,840
31205,284
31206,214
31207,307
31208,119
31209,374
31210,555
31211,194
31212,205
31213,290
31214,106
31215,360
31216,474
31217,185
31218,343
31219,460
31220,166
31221,596
31222,794
31223,303
31224,222
31225,300
31226,107
31227,414
31228,535
31229,192
31230,207
31231,279
31232,100
31233,365
31234,507
31235,172
31236,371
31237,471
31238,174
31239,611
31240,843
31241,293
31242,219
31243,301
31244,109
31245,384
31246,516
31247,200
31248,207
31249,285
31250,104
31251,347
31252,490
31253,177
31254,350
31255,466
31256,163
31257,633
31258,782
31259,289
31260,226
31261,309
31262,110
31263,394
31264,527
31265,197
31266,220
31267,295
31268,114
31269,375
31270,508
31271,189
31272,361
31273,498
31274,175
31275,618
31276,828
31277,309
31278,240
31279,328
31280,115
31281,434
31282,553
31283,204
31284,264
31285,350
31286,118
31287,470
31288,611
31289,218
31290,446
31291,593
31292,205
31293,772
31294,1017
31295,359
31296,292
31297,395
31298,138
31299,513
31300,660
31301,252
31302,257
31303,355
31304,137
31305,453
31306,619
31307,231
31308,437
31309,597
31310,196
31311,721
31312,1050
31313,378
31314,291
31315,377
31316,139
31317,491
31318,692
31319,241
31320,214
31321,285
31322,101
31323,367
31324,489
31325,180
31326,339
31327,464
31328,166
31329,593
31330,792
31331,283
31332,228
31333,301
31334,114
31335,391
31336,538
31337,195
31338,205
31339,290
31340,106
31341,360
31342,474
31343,185
31344,343
31345,460
31346,166
31347,596
31348,794
31349,303
31350,222
31351,300
31352,107
31353,414
31354,535
31355,192
31356,207
31357,279
31358,100
31359,365
31360,507
31361,172
31362,371
31363,471
31364,174
31365,611
31366,843
31367,293
31368,219
31369,301
31370,109
31371,384
31372,516
31373,200
31374,207
31375,285
31376,104
31377,347
31378,490
31379,177
31380,350
31381,466
31382,163
31383,633
31384,782
31385,289
31386,226
31387,309
31388,110
31389,394
31390,527
31391,197
31392,220
31393,295
31394,114
31395,375
31396,508
31397,189
31398,361
31399,498
31400,175
31401,618
31402,828
31403,309
31404,240
31405,328
31406,115
31407,434
31408,553
31409,204
31410,264
31411,350
31412,118
31413,470
31414,611
31415,218
31416,446
31417,593
31418,205
31419,772
31420,1017
31421,359
31422,292
31423,395
31424,138
31425,513
31426,660
31427,252
31428,257
31429,355
31430,137
31431,453
31432,619
31433,231
31434,437
31435,597
31436,196
31437,721
31438,1050
31439,378
31440,291
31441,377
31442,139
31443,491
31444,692
31445,241
31446,214
31447,285
31448,101
31449,367
31450,489
31451,180
31452,339
31453,464
31454,166
31455,593
31456,792
31457,283
31458,228
31459,301
31460,114
31461,391
31462,538
31463,195
31464,205
31465,290
31466,106
31467,360
31468,474
31469,185
31470,343
31471,460
31472,166
31473,596
31474,794
31475,303
31476,222
31477,300
31478,107
31479,414
31480,535
31481,192
31482,207
31483,279
31484,100
31485,365
31486,507
31487,172
31488,371
31489,471
31490,174
31491,611
31492,843
31493,293
31494,219
31495,301
31496,109
31497,384
31498,516
31499,200
31500,207
31501,285
31502,104
31503,347
31504,490
31505,177
31506,350
31507,466
31508,163
31509,633
31510,782
31511,289
31512,226
31513,309
31514,110
31515,394
31516,527
31517,197
31518,220
31519,295
31520,114
31521,375
31522,508
31523,189
31524,361
31525,498
31526,175
31527,618
31528,828
31529,309
31530,240
31531,328
31532,115
31533,434
31534,553
31535,204
31536,264
31537,350
31538,118
31539,470
31540,611
31541,218
31542,446
31543,593
31544,205
31545,772
31546,1017
31547,359
31548,292
31549,395
31550,138
31551,513
31552,660
31553,252
31554,257
31555,355
31556,137
31557,453
31558,619
31559,231
31560,437
31561,597
31562,196
31563,721
31564,1050
31565,378
31566,291
31567,377
31568,139
31569,491
31570,692
31571,241
31572,214
31573,285
31574,101
31575,367
31576,489
31577,180
31578,339
31579,464
31580,166
31581,593
31582,792
31583,283
31584,228
31585,301
31586,114
31587,391
31588,538
31589,195
31590,205
31591,290
31592,106
31593,360
31594,474
31595,185
31596,343
31597,460
31598,166
31599,596
31600,794
31601,303
31602,222
31603,300
31604,107
31605,414
31606,535
31607,192
31608,207
31609,279
31610,100
31611,365
31612,507
31613,172
31614,371
31615,471
31616,174
31617,611
31618,843
31619,293
31620,219
31621,301
31622,109
31623,384
31624,516
31625,200
31626,207
31627,285
31628,104
31629,347
31630,490
31631,177
31632,350
31633,466
31634,163
31635,633
31636,782
31637,289
31638,226
31639,309
31640,110
31641,394
31642,527
31643,197
31644,220
31645,295
31646,114
31647,375
31648,508
31649,189
31650,361
31651,498
31652,175
31653,618
31654,828
31655,309
31656,240
31657,328
31658,115
31659,434
31660,553
31661,204
31662,264
31663,350
31664,118
31665,470
31666,611
31667,218
31668,446
31669,593
31670,205
31671,772
31672,1017
31673,359
31674,292
31675,395
31676,138
31677,513
31678,660
31679,252
31680,257
31681,355
31682,137
31683,453
31684,619
31685,231
31686,437
31687,597
31688,196
31689,721
31690,1050
31691,378
31692,291
31693,377
31694,139
31695,491
31696,692
31697,241
31698,214
31699,285
31700,101
31701,367
31702,489
31703,180
31704,339
31705,464
31706,166
31707,593
31708,792
31709,283
31710,228
31711,301
31712,114
31713,391
31714,538
31715,195
31716,205
31717,290
31718,106
31719,360
31720,474
31721,185
31722,343
31723,460
31724,166
31725,596
31726,794
31727,303
31728,222
31729,300
31730,107
31731,414
31732,535
31733,192
31734,207
31735,279
31736,100
31737,365
31738,507
31739,172
31740,371
31741,471
31742,174
31743,611
31744,843
31745,293
31746,219
31747,301
31748,109
31749,384
31750,516
31751,200
31752,207
31753,285
31754,104
31755,347
31756,490
31757,177
31758,350
31759,466
31760,163
31761,633
31762,782
31763,289
31764,226
31765,309
31766,110
31767,394
31768,527
31769,197
31770,238
31771,317
31772,110
31773,398
31774,571
31775,197
31776,390
31777,511
31778,174
31779,685
31780,902
31781,302
31782,266
31783,360
31784,120
31785,458
31786,593
31787,202
31788,296
31789,381
31790,124
31791,484
31792,633
31793,222
31794,433
31795,604
31796,205
31797,769
31798,1064
31799,361
31800,310
31801,401
31802,141
31803,498
31804,681
31805,239
31806,277
31807,388
31808,121
31809,493
31810,659
31811,231
31812,444
31813,607
31814,212
31815,768
31816,1045
31817,361
31818,289
31819,413
31820,142
31821,542
31822,704
31823,238
31824,226
31825,304
31826,105
31827,400
31828,547
31829,183
31830,372
31831,502
31832,169
31833,634
31834,879
31835,290
31836,252
31837,329
31838,116
31839,426
31840,610
31841,197
31842,225
31843,310
31844,105
31845,411
31846,519
31847,183
31848,352
31849,481
31850,170
31851,631
31852,830
31853,304
31854,247
31855,343
31856,119
31857,445
31858,577
31859,196
31860,233
31861,328
31862,97
31863,397
31864,519
31865,170
31866,351
31867,478
31868,167
31869,622
31870,869
31871,282
31872,234
31873,359
31874,116
31875,434
31876,573
31877,200
31878,223
31879,302
31880,106
31881,389
31882,518
31883,175
31884,375
31885,499
31886,170
31887,664
31888,877
31889,298
31890,240
31891,332
31892,112
31893,435
31894,564
31895,192
31896,238
31897,317
31898,110
31899,398
31900,571
31901,197
31902,390
31903,511
31904,174
31905,685
31906,902
31907,302
31908,266
31909,360
31910,120
31911,458
31912,593
31913,202
31914,296
31915,381
31916,124
31917,484
31918,633
31919,222
31920,433
31921,604
31922,205
31923,769
31924,1064
31925,361
31926,310
31927,401
31928,141
31929,498
31930,681
31931,239
31932,277
31933,388
31934,121
31935,493
31936,659
31937,231
31938,444
31939,607
31940,212
31941,768
31942,1045
31943,361
31944,289
31945,413
31946,142
31947,542
31948,704
31949,238
31950,226
31951,304
31952,105
31953,400
31954,547
31955,183
31956,372
31957,502
31958,169
31959,634
31960,879
31961,290
31962,252
31963,329
31964,116
31965,426
31966,610
31967,197
31968,225
31969,310
31970,105
31971,411
31972,519
31973,183
31974,352
31975,481
31976,170
31977,631
31978,830
31979,304
31980,247
31981,343
31982,119
31983,445
31984,577
31985,196
31986,233
31987,328
31988,97
31989,397
31990,519
31991,170
31992,351
31993,478
31994,167
31995,622
31996,869
31997,282
31998,234
31999,359
32000,116
32001,434
32002,573
32003,200
32004,223
32005,302
32006,106
32007,389
32008,518
32009,175
32010,375
32011,499
32012,170
32013,664
32014,877
32015,298
32016,240
32017,332
32018,112
32019,435
32020,564
32021,192
32022,238
32023,317
32024,110
32025,398
32026,571
32027,197
32028,390
32029,511
32030,174
32031,685
32032,902
32033,302
32034,266
32035,360
32036,120
32037,458
32038,593
32039,202
32040,296
32041,381
32042,124
32043,484
32044,633
32045,222
32046,433
32047,604
32048,205
32049,769
32050,1064
32051,361
32052,310
32053,401
32054,141
32055,498
32056,681
32057,239
32058,277
32059,388
32060,121
32061,493
32062,659
32063,231
32064,444
32065,607
32066,212
32067,768
32068,1045
32069,361
32070,289
32071,413
32072,142
32073,542
32074,704
32075,238
32076,226
32077,304
32078,105
32079,400
32080,547
32081,183
32082,372
32083,502
32084,169
32085,634
32086,879
32087,290
32088,252
32089,329
32090,116
32091,426
32092,610
32093,197
32094,225
32095,310
32096,105
32097,411
32098,519
32099,183
32100,352
32101,481
32102,170
32103,631
32104,830
32105,304
32106,247
32107,343
32108,119
32109,445
32110,577
32111,196
32112,233
32113,328
32114,97
32115,397
32116,519
32117,170
32118,351
32119,478
32120,167
32121,622
32122,869
32123,282
32124,234
32125,359
32126,116
32127,434
32128,573
32129,200
32130,223
32131,302
32132,106
32133,389
32134,518
32135,175
32136,375
32137,499
32138,170
32139,664
32140,877
32141,298
32142,240
32143,332
32144,112
32145,435
32146,564
32147,192
32148,238
32149,317
32150,110
32151,398
32152,571
32153,197
32154,390
32155,511
32156,174
32157,685
32158,902
32159,302
32160,266
32161,360
32162,120
32163,458
32164,593
32165,202
32166,296
32167,381
32168,124
32169,484
32170,633
32171,222
32172,433
32173,604
32174,205
32175,769
32176,1064
32177,361
32178,310
32179,401
32180,141
32181,498
32182,681
32183,239
32184,277
32185,388
32186,121
32187,493
32188,659
32189,231
32190,444
32191,607
32192,212
32193,768
32194,1045
32195,361
32196,289
32197,413
32198,142
32199,542
32200,704
32201,238
32202,226
32203,304
32204,105
32205,400
32206,547
32207,183
32208,372
32209,502
32210,169
32211,634
32212,879
32213,290
32214,252
32215,329
32216,116
32217,426
32218,610
32219,197
32220,225
32221,310
32222,105
32223,411
32224,519
32225,183
32226,352
32227,481
32228,170
32229,631
32230,830
32231,304
32232,247
32233,343
32234,119
32235,445
32236,577
32237,196
32238,233
32239,328
32240,97
32241,397
32242,519
32243,170
32244,351
32245,478
32246,167
32247,622
32248,869
32249,282
32250,234
32251,359
32252,116
32253,434
32254,573
32255,200
32256,223
32257,302
32258,106
32259,389
32260,518
32261,175
32262,375
32263,499
32264,170
32265,664
32266,877
32267,298
32268,240
32269,332
32270,112
32271,435
32272,564
32273,192
32274,238
32275,317
32276,110
32277,398
32278,571
32279,197
32280,390
32281,511
32282,174
32283,685
32284,902
32285,302
32286,266
32287,360
32288,120
32289,458
32290,593
32291,202
32292,296
32293,381
32294,124
32295,484
32296,633
32297,222
32298,433
32299,604
32300,205
32301,769
32302,1064
32303,361
32304,310
32305,401
32306,141
32307,498
32308,681
32309,239
32310,438
32311,450
32312,133
32313,549
32314,1060
32315,234
32316,612
32317,856
32318,210
32319,1215
32320,1588
32321,449
32322,319
32323,565
32324,194
32325,662
32326,1148
32327,315
32328,254
32329,472
32330,130
32331,503
32332,565
32333,240
32334,465
32335,665
32336,207
32337,995
32338,1175
32339,346
32340,328
32341,495
32342,142
32343,571
32344,851
32345,247
32346,239
32347,371
32348,107
32349,399
32350,617
32351,200
32352,374
32353,555
32354,172
32355,681
32356,1013
32357,301
32358,253
32359,353
32360,111
32361,471
32362,692
32363,191
32364,266
32365,370
32366,120
32367,437
32368,630
32369,188
32370,415
32371,571
32372,169
32373,669
32374,925
32375,309
32376,265
32377,352
32378,120
32379,465
32380,719
32381,202
32382,281
32383,419
32384,126
32385,515
32386,722
32387,214
32388,457
32389,672
32390,190
32391,800
32392,965
32393,330
32394,298
32395,431
32396,126
32397,501
32398,832
32399,223
32400,314
32401,519
32402,108
32403,539
32404,776
32405,255
32406,419
32407,750
32408,240
32409,857
32410,1236
32411,389
32412,373
32413,393
32414,165
32415,609
32416,872
32417,212
32418,398
32419,564
32420,136
32421,717
32422,1132
32423,300
32424,591
32425,874
32426,207
32427,1002
32428,1804
32429,479
32430,413
32431,455
32432,190
32433,534
32434,752
32435,247
32436,438
32437,450
32438,133
32439,549
32440,1060
32441,234
32442,612
32443,856
32444,210
32445,1215
32446,1588
32447,449
32448,319
32449,565
32450,194
32451,662
32452,1148
32453,315
32454,254
32455,472
32456,130
32457,503
32458,565
32459,240
32460,465
32461,665
32462,207
32463,995
32464,1175
32465,346
32466,328
32467,495
32468,142
32469,571
32470,851
32471,247
32472,239
32473,371
32474,107
32475,399
32476,617
32477,200
32478,374
32479,555
32480,172
32481,681
32482,1013
32483,301
32484,253
32485,353
32486,111
32487,471
32488,692
32489,191
32490,266
32491,370
32492,120
32493,437
32494,630
32495,188
32496,415
32497,571
32498,169
32499,669
32500,925
32501,309
32502,265
32503,352
32504,120
32505,465
32506,719
32507,202
32508,281
32509,419
32510,126
32511,515
32512,722
32513,214
32514,457
32515,672
32516,190
32517,800
32518,965
32519,330
32520,298
32521,431
32522,126
32523,501
32524,832
32525,223
32526,314
32527,519
32528,108
32529,539
32530,776
32531,255
32532,419
32533,750
32534,240
32535,857
32536,1236
32537,389
32538,373
32539,393
32540,165
32541,609
32542,872
32543,212
32544,398
32545,564
32546,136
32547,717
32548,1132
32549,300
32550,591
32551,874
32552,207
32553,1002
32554,1804
32555,479
32556,413
32557,455
32558,190
32559,534
32560,752
32561,247
32562,438
32563,450
32564,133
32565,549
32566,1060
32567,234
32568,612
32569,856
32570,210
32571,1215
32572,1588
32573,449
32574,319
32575,565
32576,194
32577,662
32578,1148
32579,315
32580,254
32581,472
32582,130
32583,503
32584,565
32585,240
32586,465
32587,665
32588,207
32589,995
32590,1175
32591,346
32592,328
32593,495
32594,142
32595,571
32596,851
32597,247
32598,239
32599,371
32600,107
32601,399
32602,617
32603,200
32604,374
32605,555
32606,172
32607,681
32608,1013
32609,301
32610,253
32611,353
32612,111
32613,471
32614,692
32615,191
32616,266
32617,370
32618,120
32619,437
32620,630
32621,188
32622,415
32623,571
32624,169
32625,669
32626,925
32627,309
32628,265
32629,352
32630,120
32631,465
32632,719
32633,202
32634,281
32635,419
32636,126
32637,515
32638,722
32639,214
32640,457
32641,672
32642,190
32643,800
32644,965
32645,330
32646,298
32647,431
32648,126
32649,501
32650,832
32651,223
32652,314
32653,519
32654,108
32655,539
32656,776
32657,255
32658,419
32659,750
32660,240
32661,857
32662,1236
32663,389
32664,373
32665,393
32666,165
32667,609
32668,872
32669,212
32670,398
32671,564
32672,136
32673,717
32674,1132
32675,300
32676,591
32677,874
32678,207
32679,1002
32680,1804
32681,479
32682,413
32683,455
32684,190
32685,534
32686,752
32687,247
32688,438
32689,450
32690,133
32691,549
32692,1060
32693,234
32694,612
32695,856
32696,210
32697,1215
32698,1588
32699,449
32700,319
32701,565
32702,194
32703,662
32704,1148
32705,315
32706,254
32707,472
32708,130
32709,503
32710,565
32711,240
32712,465
32713,665
32714,207
32715,995
32716,1175
32717,346
32718,328
32719,495
32720,142
32721,571
32722,851
32723,247
32724,239
32725,371
32726,107
32727,399
32728,617
32729,200
32730,374
32731,555
32732,172
32733,681
32734,1013
32735,301
32736,253
32737,353
32738,111
32739,471
32740,692
32741,191
32742,266
32743,370
32744,120
32745,437
32746,630
32747,188
32748,415
32749,571
32750,169
32751,669
32752,925
32753,309
32754,265
32755,352
32756,120
32757,465
32758,719
32759,202
32760,281
32761,419
32762,126
32763,515
32764,722
32765,214
32766,457
32767,672
32768,190
32769,800
32770,965
32771,330
32772,298
32773,431
32774,126
32775,501
32776,832
32777,223
32778,314
32779,519
32780,108
32781,539
32782,776
32783,255
32784,419
32785,750
32786,240
32787,857
32788,1236
32789,389
32790,373
32791,393
32792,165
32793,609
32794,872
32795,212
32796,398
32797,564
32798,136
32799,717
32800,1132
32801,300
32802,591
32803,874
32804,207
32805,1002
32806,1804
32807,479
32808,413
32809,455
32810,190
32811,534
32812,752
32813,247
32814,438
32815,450
32816,133
32817,549
32818,1060
32819,234
32820,612
32821,856
32822,210
32823,1215
32824,1588
32825,449
32826,319
32827,565
32828,194
32829,662
32830,1148
32831,315
32832,254
32833,472
32834,130
32835,503
32836,565
32837,240
32838,465
32839,665
32840,207
32841,995
32842,1175
32843,346
32844,328
32845,495
32846,142
32847,571
32848,851
32849,247
32850,239
32851,371
32852,107
32853,399
32854,617
32855,200
32856,374
32857,555
32858,172
32859,681
32860,1013
32861,301
32862,253
32863,353
32864,111
32865,471
32866,692
32867,191
